<?xml version="1.0" encoding="UTF-8"?>
<cms>
	<name><![CDATA[NukeViet CMS 4.5.03]]></name>
	<version><![CDATA[4.5.03]]></version>
	<date><![CDATA[Fri, 23 Dec 2022 17:00:00 GMT]]></date>
	<message><![CDATA[NukeViet 4.5.03 là Phiên bản tiếp theo của dòng NukeViet 4.5 fix một số lỗi ở bản 4.5.02 cùng chức năng mới ở module news]]></message>
	<link><![CDATA[https&#x3A;&#x002F;&#x002F;nukeviet.vn&#x002F;]]></link>
	<updateable><![CDATA[4.5.03]]></updateable>
	<updatepackage><![CDATA[42]]></updatepackage>
</cms>